old_name,username
Madison L,Madison L
Andrew B,Andrew B
Eugen_M,Eugen_M
James W,James W
Ruben M,Ruben M
Jason V,Jason V
Maxim B,Maxim B
Darryn P,Darryn P
