old name;username
Aidan B;Aidan B
Alan H;Alan H
Alex W;Alex W
Alexei S;Alexei S
Andrew B;Andrew B
Arne P;Arne P
Brandon W;Brandon W
Carl C;Carl C
Damian G;Damian G
Darryn P;Darryn P
Darshan N;Darshan N
Dean B;Dean B
Eugen M;Eugen M
Gareth B;Gareth B
Gareth F;Gareth F
Gavin DP;Gavin DP
Greg M;Greg M
James W;James W
Jared D;Jared D
Jashin R;Jashin R
Jason M;Jason M
Jason V;Jason V
Johnathan S;Johnathan S
Jonathan W;Jonathan W
Kalvin H;Kalvin H
Kyle J;Kyle J
Liam K;Liam K
Lukas J;Lukas J
Madison L;Madison L
Marc M;Marc M
Marchuan vdM;Marchuan vdM
Matthew M;Matthew M
Matty N;Matty N
Maxim B;Maxim B
Michael M;Michael M
Nathan F;Nathan F
Neal C;Neal C
Quentin G;Quentin G
Rachel W;Rachel W
Robert N;Robert N
Ruben M;Ruben M
Stasi W;Stasi W
Stewart S;Stewart S
Sven L;Sven L
Tyrone K;Tyrone K
